{"cameraMode":{"drawMode":2,"name":"Shaded Wireframe","section":"Shading Mode"},"sceneLighting":true,"audioPlay":false,"sceneViewState":{"showFog":true,"showMaterialUpdate":false,"showSkybox":true,"showFlares":true,"showImageEffects":true,"showParticleSystems":true},"in2DMode":false,"pivot":{"x":3.5835108757019045,"y":-685.0167846679688,"z":263.01263427734377},"rotation":{"x":-0.577210545539856,"y":-0.0019640710670500995,"z":0.0013850012328475714,"w":-0.8165919184684753},"size":816.4309692382813,"orthographic":false}