{"cameraMode":{"drawMode":0,"name":"Shaded","section":"Shading Mode"},"sceneLighting":true,"audioPlay":false,"sceneViewState":{"showFog":true,"showMaterialUpdate":false,"showSkybox":true,"showFlares":true,"showImageEffects":true,"showParticleSystems":true},"in2DMode":false,"pivot":{"x":-9.10898494720459,"y":24.10057258605957,"z":3.3497233390808107},"rotation":{"x":-0.7077440619468689,"y":-0.0038178779650479557,"z":0.0038211180362850429,"w":-0.7064482569694519},"size":-1.4665634632110596,"orthographic":false}