{"cameraMode":{"drawMode":0,"name":"Shaded","section":"Shading Mode"},"sceneLighting":true,"audioPlay":false,"sceneViewState":{"showFog":true,"showMaterialUpdate":false,"showSkybox":true,"showFlares":true,"showImageEffects":true,"showParticleSystems":true},"in2DMode":false,"pivot":{"x":6.82687520980835,"y":6.400000095367432,"z":8.312923431396485},"rotation":{"x":-0.6970769762992859,"y":0.0004262362781446427,"z":-0.0004181590920779854,"w":-0.7169961333274841},"size":94.96446990966797,"orthographic":false}