{"cameraMode":{"drawMode":2,"name":"Shaded Wireframe","section":"Shading Mode"},"sceneLighting":true,"audioPlay":false,"sceneViewState":{"showFog":true,"showMaterialUpdate":false,"showSkybox":true,"showFlares":true,"showImageEffects":true,"showParticleSystems":true},"in2DMode":false,"pivot":{"x":-26.547460556030275,"y":-655.6710815429688,"z":357.90802001953127},"rotation":{"x":-0.5182525515556336,"y":-0.003339578863233328,"z":0.0020205904729664327,"w":-0.855218768119812},"size":812.306884765625,"orthographic":false}