{"cameraMode":{"drawMode":0,"name":"Shaded","section":"Shading Mode"},"sceneLighting":true,"audioPlay":false,"sceneViewState":{"showFog":true,"showMaterialUpdate":false,"showSkybox":true,"showFlares":true,"showImageEffects":true,"showParticleSystems":true},"in2DMode":false,"pivot":{"x":51.63238525390625,"y":-56.009552001953128,"z":12.814640045166016},"rotation":{"x":-0.2217019647359848,"y":-0.6558442115783691,"z":0.21067199110984803,"w":-0.6901694536209106},"size":103.03484344482422,"orthographic":false}