{"cameraMode":{"drawMode":0,"name":"Shaded","section":"Shading Mode"},"sceneLighting":true,"audioPlay":false,"sceneViewState":{"showFog":true,"showMaterialUpdate":false,"showSkybox":true,"showFlares":true,"showImageEffects":true,"showParticleSystems":true},"in2DMode":false,"pivot":{"x":-26.012603759765626,"y":-602.994384765625,"z":46.169715881347659},"rotation":{"x":-0.6970769762992859,"y":0.0004262362781446427,"z":-0.0004181590920779854,"w":-0.7169961333274841},"size":695.7230224609375,"orthographic":false}